Objectif métier;Besoin;Competence;Order
Améliorer la conception des avions;Exploiter des données à grande échelle;Collecter et fusionner des données de sources diverses;1
Améliorer la conception des avions;Exploiter des données à grande échelle;Concevoir une base de données robuste et évolutive;1
Améliorer la conception des avions;Exploiter des données à grande échelle;Nettoyer les données pour garantir leur fiabilité;1
Améliorer la conception des avions;Exploiter des données à grande échelle;Optimiser la gestion des données;1
Optimiser les performances;Prendre des décisions;Transformer les indicateurs en outils d’aide à la décision;2
Optimiser les performances;Prendre des décisions;Préparer les indicateurs en amont;2
Optimiser les performances;Prendre des décisions;Donner des conseils stratégiques fondés sur les données;2
Assurer la sécurité;Prévoir les risques;Mettre en place des techniques avancées d’analyse;3
Assurer la sécurité;Sécuriser les données;Mettre en place des mesures de sécurité robustes;4
Accélérer la transformation data;Piloter la stratégie Data;Effectuer une veille métier et technologique;5
Accélérer la transformation data;Piloter la stratégie Data;Comprendre les besoins métiers et identifier les enjeux;5
Accélérer la transformation data;Piloter la stratégie Data;Organiser un projet d’analyse data grâce à des outils de gestion de projet;5
Accélérer la transformation data;Piloter la stratégie Data;Assurer une gestion fiable;5
Accélérer la transformation data;Piloter la stratégie Data;Accompagner les équipes sur la prise en main des outils;5
Accélérer la transformation data;Piloter la stratégie Data;Adopter une posture de consultant;5
