Code zone (M49),Zone,Élément,Produit,Année,Unité,Valeur
4,Afghanistan,Production,"Viande, poulet, fraîche ou réfrigérée",2020,tonnes,28512.87
4,Afghanistan,Production,"Viande, poulet, fraîche ou réfrigérée",2021,tonnes,28210.69
4,Afghanistan,Production,"Viande, poulet, fraîche ou réfrigérée",2022,tonnes,28503.14
4,Afghanistan,Production,"Viande, poulet, fraîche ou réfrigérée",2023,tonnes,28796.08
710,Afrique du Sud,Production,"Viande, poulet, fraîche ou réfrigérée",2020,tonnes,1887000
710,Afrique du Sud,Production,"Viande, poulet, fraîche ou réfrigérée",2021,tonnes,1910000
710,Afrique du Sud,Production,"Viande, poulet, fraîche ou réfrigérée",2022,tonnes,1951000
710,Afrique du Sud,Production,"Viande, poulet, fraîche ou réfrigérée",2023,tonnes,1860000
8,Albanie,Production,"Viande, poulet, fraîche ou réfrigérée",2020,tonnes,12233.91
8,Albanie,Production,"Viande, poulet, fraîche ou réfrigérée",2021,tonnes,13250
8,Albanie,Production,"Viande, poulet, fraîche ou réfrigérée",2022,tonnes,16335.57
8,Albanie,Production,"Viande, poulet, fraîche ou réfrigérée",2023,tonnes,16780
12,Algérie,Production,"Viande, poulet, fraîche ou réfrigérée",2020,tonnes,489650
12,Algérie,Production,"Viande, poulet, fraîche ou réfrigérée",2021,tonnes,392275
12,Algérie,Production,"Viande, poulet, fraîche ou réfrigérée",2022,tonnes,407744.31
12,Algérie,Production,"Viande, poulet, fraîche ou réfrigérée",2023,tonnes,421271.41
276,Allemagne,Production,"Viande, poulet, fraîche ou réfrigérée",2020,tonnes,1066000
276,Allemagne,Production,"Viande, poulet, fraîche ou réfrigérée",2021,tonnes,1080000
276,Allemagne,Production,"Viande, poulet, fraîche ou réfrigérée",2022,tonnes,1076000
276,Allemagne,Production,"Viande, poulet, fraîche ou réfrigérée",2023,tonnes,1086000
24,Angola,Production,"Viande, poulet, fraîche ou réfrigérée",2020,tonnes,50955.99
24,Angola,Production,"Viande, poulet, fraîche ou réfrigérée",2021,tonnes,54112.62
24,Angola,Production,"Viande, poulet, fraîche ou réfrigérée",2022,tonnes,57177.38
24,Angola,Production,"Viande, poulet, fraîche ou réfrigérée",2023,tonnes,60236.37
28,Antigua-et-Barbuda,Production,"Viande, poulet, fraîche ou réfrigérée",2020,tonnes,15.6
28,Antigua-et-Barbuda,Production,"Viande, poulet, fraîche ou réfrigérée",2021,tonnes,33.6
28,Antigua-et-Barbuda,Production,"Viande, poulet, fraîche ou réfrigérée",2022,tonnes,88.31
28,Antigua-et-Barbuda,Production,"Viande, poulet, fraîche ou réfrigérée",2023,tonnes,17.06
682,Arabie saoudite,Production,"Viande, poulet, fraîche ou réfrigérée",2020,tonnes,900000
682,Arabie saoudite,Production,"Viande, poulet, fraîche ou réfrigérée",2021,tonnes,930000
682,Arabie saoudite,Production,"Viande, poulet, fraîche ou réfrigérée",2022,tonnes,1130000
682,Arabie saoudite,Production,"Viande, poulet, fraîche ou réfrigérée",2023,tonnes,1150000
32,Argentine,Production,"Viande, poulet, fraîche ou réfrigérée",2020,tonnes,2219238.25
32,Argentine,Production,"Viande, poulet, fraîche ou réfrigérée",2021,tonnes,2294978.7
32,Argentine,Production,"Viande, poulet, fraîche ou réfrigérée",2022,tonnes,2319469
32,Argentine,Production,"Viande, poulet, fraîche ou réfrigérée",2023,tonnes,2287016
51,Arménie,Production,"Viande, poulet, fraîche ou réfrigérée",2020,tonnes,12600
51,Arménie,Production,"Viande, poulet, fraîche ou réfrigérée",2021,tonnes,14600
51,Arménie,Production,"Viande, poulet, fraîche ou réfrigérée",2022,tonnes,14100
51,Arménie,Production,"Viande, poulet, fraîche ou réfrigérée",2023,tonnes,13800
36,Australie,Production,"Viande, poulet, fraîche ou réfrigérée",2020,tonnes,1270768
36,Australie,Production,"Viande, poulet, fraîche ou réfrigérée",2021,tonnes,1337317
36,Australie,Production,"Viande, poulet, fraîche ou réfrigérée",2022,tonnes,1364171
36,Australie,Production,"Viande, poulet, fraîche ou réfrigérée",2023,tonnes,1431791
40,Autriche,Production,"Viande, poulet, fraîche ou réfrigérée",2020,tonnes,125000
40,Autriche,Production,"Viande, poulet, fraîche ou réfrigérée",2021,tonnes,129390
40,Autriche,Production,"Viande, poulet, fraîche ou réfrigérée",2022,tonnes,128404
40,Autriche,Production,"Viande, poulet, fraîche ou réfrigérée",2023,tonnes,127924
31,Azerbaïdjan,Production,"Viande, poulet, fraîche ou réfrigérée",2020,tonnes,115388
31,Azerbaïdjan,Production,"Viande, poulet, fraîche ou réfrigérée",2021,tonnes,124388
31,Azerbaïdjan,Production,"Viande, poulet, fraîche ou réfrigérée",2022,tonnes,130108
31,Azerbaïdjan,Production,"Viande, poulet, fraîche ou réfrigérée",2023,tonnes,137501
44,Bahamas,Production,"Viande, poulet, fraîche ou réfrigérée",2020,tonnes,6374.57
44,Bahamas,Production,"Viande, poulet, fraîche ou réfrigérée",2021,tonnes,6158.05
44,Bahamas,Production,"Viande, poulet, fraîche ou réfrigérée",2022,tonnes,6081.06
44,Bahamas,Production,"Viande, poulet, fraîche ou réfrigérée",2023,tonnes,6003.87
48,Bahreïn,Production,"Viande, poulet, fraîche ou réfrigérée",2020,tonnes,7296
48,Bahreïn,Production,"Viande, poulet, fraîche ou réfrigérée",2021,tonnes,8262
48,Bahreïn,Production,"Viande, poulet, fraîche ou réfrigérée",2022,tonnes,8500
48,Bahreïn,Production,"Viande, poulet, fraîche ou réfrigérée",2023,tonnes,8788.63
50,Bangladesh,Production,"Viande, poulet, fraîche ou réfrigérée",2020,tonnes,210416.95
50,Bangladesh,Production,"Viande, poulet, fraîche ou réfrigérée",2021,tonnes,215807.42
50,Bangladesh,Production,"Viande, poulet, fraîche ou réfrigérée",2022,tonnes,221288.42
50,Bangladesh,Production,"Viande, poulet, fraîche ou réfrigérée",2023,tonnes,226909.1
52,Barbade,Production,"Viande, poulet, fraîche ou réfrigérée",2020,tonnes,11965
52,Barbade,Production,"Viande, poulet, fraîche ou réfrigérée",2021,tonnes,13183
52,Barbade,Production,"Viande, poulet, fraîche ou réfrigérée",2022,tonnes,15630
52,Barbade,Production,"Viande, poulet, fraîche ou réfrigérée",2023,tonnes,14998.01
112,Bélarus,Production,"Viande, poulet, fraîche ou réfrigérée",2020,tonnes,535800
112,Bélarus,Production,"Viande, poulet, fraîche ou réfrigérée",2021,tonnes,503200
112,Bélarus,Production,"Viande, poulet, fraîche ou réfrigérée",2022,tonnes,508120
112,Bélarus,Production,"Viande, poulet, fraîche ou réfrigérée",2023,tonnes,480000
56,Belgique,Production,"Viande, poulet, fraîche ou réfrigérée",2020,tonnes,441300
56,Belgique,Production,"Viande, poulet, fraîche ou réfrigérée",2021,tonnes,447710
56,Belgique,Production,"Viande, poulet, fraîche ou réfrigérée",2022,tonnes,442020
56,Belgique,Production,"Viande, poulet, fraîche ou réfrigérée",2023,tonnes,421480
84,Belize,Production,"Viande, poulet, fraîche ou réfrigérée",2020,tonnes,18298
84,Belize,Production,"Viande, poulet, fraîche ou réfrigérée",2021,tonnes,19187
84,Belize,Production,"Viande, poulet, fraîche ou réfrigérée",2022,tonnes,20470
84,Belize,Production,"Viande, poulet, fraîche ou réfrigérée",2023,tonnes,22053
204,Bénin,Production,"Viande, poulet, fraîche ou réfrigérée",2020,tonnes,9793.34
204,Bénin,Production,"Viande, poulet, fraîche ou réfrigérée",2021,tonnes,9359.4
204,Bénin,Production,"Viande, poulet, fraîche ou réfrigérée",2022,tonnes,9360
204,Bénin,Production,"Viande, poulet, fraîche ou réfrigérée",2023,tonnes,9675.16
64,Bhoutan,Production,"Viande, poulet, fraîche ou réfrigérée",2020,tonnes,1835.39
64,Bhoutan,Production,"Viande, poulet, fraîche ou réfrigérée",2021,tonnes,1865.5
64,Bhoutan,Production,"Viande, poulet, fraîche ou réfrigérée",2022,tonnes,993.56
64,Bhoutan,Production,"Viande, poulet, fraîche ou réfrigérée",2023,tonnes,1165.12
68,Bolivie (État plurinational de),Production,"Viande, poulet, fraîche ou réfrigérée",2020,tonnes,486878
68,Bolivie (État plurinational de),Production,"Viande, poulet, fraîche ou réfrigérée",2021,tonnes,506148.14
68,Bolivie (État plurinational de),Production,"Viande, poulet, fraîche ou réfrigérée",2022,tonnes,537247
68,Bolivie (État plurinational de),Production,"Viande, poulet, fraîche ou réfrigérée",2023,tonnes,549800
70,Bosnie-Herzégovine,Production,"Viande, poulet, fraîche ou réfrigérée",2020,tonnes,65932
70,Bosnie-Herzégovine,Production,"Viande, poulet, fraîche ou réfrigérée",2021,tonnes,63703
70,Bosnie-Herzégovine,Production,"Viande, poulet, fraîche ou réfrigérée",2022,tonnes,67007
70,Bosnie-Herzégovine,Production,"Viande, poulet, fraîche ou réfrigérée",2023,tonnes,70620
72,Botswana,Production,"Viande, poulet, fraîche ou réfrigérée",2020,tonnes,1362.92
72,Botswana,Production,"Viande, poulet, fraîche ou réfrigérée",2021,tonnes,1287.63
72,Botswana,Production,"Viande, poulet, fraîche ou réfrigérée",2022,tonnes,1509.63
72,Botswana,Production,"Viande, poulet, fraîche ou réfrigérée",2023,tonnes,1474.9
76,Brésil,Production,"Viande, poulet, fraîche ou réfrigérée",2020,tonnes,13787480.27
76,Brésil,Production,"Viande, poulet, fraîche ou réfrigérée",2021,tonnes,14329000
76,Brésil,Production,"Viande, poulet, fraîche ou réfrigérée",2022,tonnes,14524000
76,Brésil,Production,"Viande, poulet, fraîche ou réfrigérée",2023,tonnes,14833000
96,Brunéi Darussalam,Production,"Viande, poulet, fraîche ou réfrigérée",2020,tonnes,26771.88
96,Brunéi Darussalam,Production,"Viande, poulet, fraîche ou réfrigérée",2021,tonnes,30896.91
96,Brunéi Darussalam,Production,"Viande, poulet, fraîche ou réfrigérée",2022,tonnes,31019.54
96,Brunéi Darussalam,Production,"Viande, poulet, fraîche ou réfrigérée",2023,tonnes,29032.99
100,Bulgarie,Production,"Viande, poulet, fraîche ou réfrigérée",2020,tonnes,86900
100,Bulgarie,Production,"Viande, poulet, fraîche ou réfrigérée",2021,tonnes,90680
100,Bulgarie,Production,"Viande, poulet, fraîche ou réfrigérée",2022,tonnes,90580
100,Bulgarie,Production,"Viande, poulet, fraîche ou réfrigérée",2023,tonnes,90540
854,Burkina Faso,Production,"Viande, poulet, fraîche ou réfrigérée",2020,tonnes,147358
854,Burkina Faso,Production,"Viande, poulet, fraîche ou réfrigérée",2021,tonnes,149121
854,Burkina Faso,Production,"Viande, poulet, fraîche ou réfrigérée",2022,tonnes,150905
854,Burkina Faso,Production,"Viande, poulet, fraîche ou réfrigérée",2023,tonnes,152711
108,Burundi,Production,"Viande, poulet, fraîche ou réfrigérée",2020,tonnes,14066.87
108,Burundi,Production,"Viande, poulet, fraîche ou réfrigérée",2021,tonnes,8686.34
108,Burundi,Production,"Viande, poulet, fraîche ou réfrigérée",2022,tonnes,9151.43
108,Burundi,Production,"Viande, poulet, fraîche ou réfrigérée",2023,tonnes,9229.33
132,Cabo Verde,Production,"Viande, poulet, fraîche ou réfrigérée",2020,tonnes,538
132,Cabo Verde,Production,"Viande, poulet, fraîche ou réfrigérée",2021,tonnes,611
132,Cabo Verde,Production,"Viande, poulet, fraîche ou réfrigérée",2022,tonnes,495.95
132,Cabo Verde,Production,"Viande, poulet, fraîche ou réfrigérée",2023,tonnes,557.11
116,Cambodge,Production,"Viande, poulet, fraîche ou réfrigérée",2020,tonnes,17276.7
116,Cambodge,Production,"Viande, poulet, fraîche ou réfrigérée",2021,tonnes,17003.46
116,Cambodge,Production,"Viande, poulet, fraîche ou réfrigérée",2022,tonnes,16895.68
116,Cambodge,Production,"Viande, poulet, fraîche ou réfrigérée",2023,tonnes,16785.81
120,Cameroun,Production,"Viande, poulet, fraîche ou réfrigérée",2020,tonnes,43999
120,Cameroun,Production,"Viande, poulet, fraîche ou réfrigérée",2021,tonnes,104601.78
120,Cameroun,Production,"Viande, poulet, fraîche ou réfrigérée",2022,tonnes,127126.07
120,Cameroun,Production,"Viande, poulet, fraîche ou réfrigérée",2023,tonnes,117851.96
124,Canada,Production,"Viande, poulet, fraîche ou réfrigérée",2020,tonnes,1305207
124,Canada,Production,"Viande, poulet, fraîche ou réfrigérée",2021,tonnes,1334020
124,Canada,Production,"Viande, poulet, fraîche ou réfrigérée",2022,tonnes,1370800
124,Canada,Production,"Viande, poulet, fraîche ou réfrigérée",2023,tonnes,1415926
152,Chili,Production,"Viande, poulet, fraîche ou réfrigérée",2020,tonnes,695709.2
152,Chili,Production,"Viande, poulet, fraîche ou réfrigérée",2021,tonnes,680289.52
152,Chili,Production,"Viande, poulet, fraîche ou réfrigérée",2022,tonnes,692847.28
152,Chili,Production,"Viande, poulet, fraîche ou réfrigérée",2023,tonnes,691423.84
159,Chine,Production,"Viande, poulet, fraîche ou réfrigérée",2020,tonnes,15283705.52
159,Chine,Production,"Viande, poulet, fraîche ou réfrigérée",2021,tonnes,15409436.43
159,Chine,Production,"Viande, poulet, fraîche ou réfrigérée",2022,tonnes,15000930.21
159,Chine,Production,"Viande, poulet, fraîche ou réfrigérée",2023,tonnes,15476826.35
344,Chine - RAS de Hong-Kong,Production,"Viande, poulet, fraîche ou réfrigérée",2020,tonnes,23403.85
344,Chine - RAS de Hong-Kong,Production,"Viande, poulet, fraîche ou réfrigérée",2021,tonnes,21727.65
344,Chine - RAS de Hong-Kong,Production,"Viande, poulet, fraîche ou réfrigérée",2022,tonnes,22694.55
344,Chine - RAS de Hong-Kong,Production,"Viande, poulet, fraîche ou réfrigérée",2023,tonnes,23641.87
446,Chine - RAS de Macao,Production,"Viande, poulet, fraîche ou réfrigérée",2020,tonnes,3371.33
446,Chine - RAS de Macao,Production,"Viande, poulet, fraîche ou réfrigérée",2021,tonnes,3285.78
446,Chine - RAS de Macao,Production,"Viande, poulet, fraîche ou réfrigérée",2022,tonnes,3235.66
446,Chine - RAS de Macao,Production,"Viande, poulet, fraîche ou réfrigérée",2023,tonnes,3184.49
156,"Chine, continentale",Production,"Viande, poulet, fraîche ou réfrigérée",2020,tonnes,14600000
156,"Chine, continentale",Production,"Viande, poulet, fraîche ou réfrigérée",2021,tonnes,14700000
156,"Chine, continentale",Production,"Viande, poulet, fraîche ou réfrigérée",2022,tonnes,14300000
156,"Chine, continentale",Production,"Viande, poulet, fraîche ou réfrigérée",2023,tonnes,14800000
158,"Chine, Taiwan Province de",Production,"Viande, poulet, fraîche ou réfrigérée",2020,tonnes,656930.34
158,"Chine, Taiwan Province de",Production,"Viande, poulet, fraîche ou réfrigérée",2021,tonnes,684423
158,"Chine, Taiwan Province de",Production,"Viande, poulet, fraîche ou réfrigérée",2022,tonnes,675000
158,"Chine, Taiwan Province de",Production,"Viande, poulet, fraîche ou réfrigérée",2023,tonnes,650000
196,Chypre,Production,"Viande, poulet, fraîche ou réfrigérée",2020,tonnes,26530
196,Chypre,Production,"Viande, poulet, fraîche ou réfrigérée",2021,tonnes,26640
196,Chypre,Production,"Viande, poulet, fraîche ou réfrigérée",2022,tonnes,27110
196,Chypre,Production,"Viande, poulet, fraîche ou réfrigérée",2023,tonnes,27680
170,Colombie,Production,"Viande, poulet, fraîche ou réfrigérée",2020,tonnes,1619784
170,Colombie,Production,"Viande, poulet, fraîche ou réfrigérée",2021,tonnes,1694334.86
170,Colombie,Production,"Viande, poulet, fraîche ou réfrigérée",2022,tonnes,1820126
170,Colombie,Production,"Viande, poulet, fraîche ou réfrigérée",2023,tonnes,1817130
174,Comores,Production,"Viande, poulet, fraîche ou réfrigérée",2020,tonnes,577.9
174,Comores,Production,"Viande, poulet, fraîche ou réfrigérée",2021,tonnes,576.25
174,Comores,Production,"Viande, poulet, fraîche ou réfrigérée",2022,tonnes,576.47
174,Comores,Production,"Viande, poulet, fraîche ou réfrigérée",2023,tonnes,576.7
178,Congo,Production,"Viande, poulet, fraîche ou réfrigérée",2020,tonnes,6963.85
178,Congo,Production,"Viande, poulet, fraîche ou réfrigérée",2021,tonnes,6942
178,Congo,Production,"Viande, poulet, fraîche ou réfrigérée",2022,tonnes,6984.61
178,Congo,Production,"Viande, poulet, fraîche ou réfrigérée",2023,tonnes,7026.81
188,Costa Rica,Production,"Viande, poulet, fraîche ou réfrigérée",2020,tonnes,137500
188,Costa Rica,Production,"Viande, poulet, fraîche ou réfrigérée",2021,tonnes,147816
188,Costa Rica,Production,"Viande, poulet, fraîche ou réfrigérée",2022,tonnes,152238
188,Costa Rica,Production,"Viande, poulet, fraîche ou réfrigérée",2023,tonnes,148800
384,Côte d'Ivoire,Production,"Viande, poulet, fraîche ou réfrigérée",2020,tonnes,75429.5
384,Côte d'Ivoire,Production,"Viande, poulet, fraîche ou réfrigérée",2021,tonnes,89113.05
384,Côte d'Ivoire,Production,"Viande, poulet, fraîche ou réfrigérée",2022,tonnes,105879.88
384,Côte d'Ivoire,Production,"Viande, poulet, fraîche ou réfrigérée",2023,tonnes,118616.89
191,Croatie,Production,"Viande, poulet, fraîche ou réfrigérée",2020,tonnes,56650
191,Croatie,Production,"Viande, poulet, fraîche ou réfrigérée",2021,tonnes,58610
191,Croatie,Production,"Viande, poulet, fraîche ou réfrigérée",2022,tonnes,58960
191,Croatie,Production,"Viande, poulet, fraîche ou réfrigérée",2023,tonnes,60220
192,Cuba,Production,"Viande, poulet, fraîche ou réfrigérée",2020,tonnes,24000
192,Cuba,Production,"Viande, poulet, fraîche ou réfrigérée",2021,tonnes,17918
192,Cuba,Production,"Viande, poulet, fraîche ou réfrigérée",2022,tonnes,24000
192,Cuba,Production,"Viande, poulet, fraîche ou réfrigérée",2023,tonnes,24000
208,Danemark,Production,"Viande, poulet, fraîche ou réfrigérée",2020,tonnes,165100
208,Danemark,Production,"Viande, poulet, fraîche ou réfrigérée",2021,tonnes,163100
208,Danemark,Production,"Viande, poulet, fraîche ou réfrigérée",2022,tonnes,151730
208,Danemark,Production,"Viande, poulet, fraîche ou réfrigérée",2023,tonnes,159030
212,Dominique,Production,"Viande, poulet, fraîche ou réfrigérée",2020,tonnes,370.15
212,Dominique,Production,"Viande, poulet, fraîche ou réfrigérée",2021,tonnes,370.51
212,Dominique,Production,"Viande, poulet, fraîche ou réfrigérée",2022,tonnes,371.9
212,Dominique,Production,"Viande, poulet, fraîche ou réfrigérée",2023,tonnes,373.29
818,Égypte,Production,"Viande, poulet, fraîche ou réfrigérée",2020,tonnes,2034000
818,Égypte,Production,"Viande, poulet, fraîche ou réfrigérée",2021,tonnes,2403000
818,Égypte,Production,"Viande, poulet, fraîche ou réfrigérée",2022,tonnes,1940000
818,Égypte,Production,"Viande, poulet, fraîche ou réfrigérée",2023,tonnes,2077267.77
222,El Salvador,Production,"Viande, poulet, fraîche ou réfrigérée",2020,tonnes,131541.79
222,El Salvador,Production,"Viande, poulet, fraîche ou réfrigérée",2021,tonnes,155405.52
222,El Salvador,Production,"Viande, poulet, fraîche ou réfrigérée",2022,tonnes,159500
222,El Salvador,Production,"Viande, poulet, fraîche ou réfrigérée",2023,tonnes,165303.15
784,Émirats arabes unis,Production,"Viande, poulet, fraîche ou réfrigérée",2020,tonnes,54101
784,Émirats arabes unis,Production,"Viande, poulet, fraîche ou réfrigérée",2021,tonnes,46494
784,Émirats arabes unis,Production,"Viande, poulet, fraîche ou réfrigérée",2022,tonnes,47000
784,Émirats arabes unis,Production,"Viande, poulet, fraîche ou réfrigérée",2023,tonnes,60000
218,Équateur,Production,"Viande, poulet, fraîche ou réfrigérée",2020,tonnes,452047
218,Équateur,Production,"Viande, poulet, fraîche ou réfrigérée",2021,tonnes,489786
218,Équateur,Production,"Viande, poulet, fraîche ou réfrigérée",2022,tonnes,513694
218,Équateur,Production,"Viande, poulet, fraîche ou réfrigérée",2023,tonnes,563300
232,Érythrée,Production,"Viande, poulet, fraîche ou réfrigérée",2020,tonnes,1252.99
232,Érythrée,Production,"Viande, poulet, fraîche ou réfrigérée",2021,tonnes,1225.42
232,Érythrée,Production,"Viande, poulet, fraîche ou réfrigérée",2022,tonnes,1182.18
232,Érythrée,Production,"Viande, poulet, fraîche ou réfrigérée",2023,tonnes,1140.21
724,Espagne,Production,"Viande, poulet, fraîche ou réfrigérée",2020,tonnes,1401410
724,Espagne,Production,"Viande, poulet, fraîche ou réfrigérée",2021,tonnes,1331410
724,Espagne,Production,"Viande, poulet, fraîche ou réfrigérée",2022,tonnes,1349990
724,Espagne,Production,"Viande, poulet, fraîche ou réfrigérée",2023,tonnes,1392770
233,Estonie,Production,"Viande, poulet, fraîche ou réfrigérée",2020,tonnes,22300
233,Estonie,Production,"Viande, poulet, fraîche ou réfrigérée",2021,tonnes,23300
233,Estonie,Production,"Viande, poulet, fraîche ou réfrigérée",2022,tonnes,23100
233,Estonie,Production,"Viande, poulet, fraîche ou réfrigérée",2023,tonnes,22900
748,Eswatini,Production,"Viande, poulet, fraîche ou réfrigérée",2020,tonnes,2938.58
748,Eswatini,Production,"Viande, poulet, fraîche ou réfrigérée",2021,tonnes,2822.48
748,Eswatini,Production,"Viande, poulet, fraîche ou réfrigérée",2022,tonnes,2788.51
748,Eswatini,Production,"Viande, poulet, fraîche ou réfrigérée",2023,tonnes,2822.93
840,États-Unis d'Amérique,Production,"Viande, poulet, fraîche ou réfrigérée",2020,tonnes,18814264
840,États-Unis d'Amérique,Production,"Viande, poulet, fraîche ou réfrigérée",2021,tonnes,19230123
840,États-Unis d'Amérique,Production,"Viande, poulet, fraîche ou réfrigérée",2022,tonnes,19841239
840,États-Unis d'Amérique,Production,"Viande, poulet, fraîche ou réfrigérée",2023,tonnes,19901890
231,Éthiopie,Production,"Viande, poulet, fraîche ou réfrigérée",2020,tonnes,67555.34
231,Éthiopie,Production,"Viande, poulet, fraîche ou réfrigérée",2021,tonnes,48808.79
231,Éthiopie,Production,"Viande, poulet, fraîche ou réfrigérée",2022,tonnes,55603.14
231,Éthiopie,Production,"Viande, poulet, fraîche ou réfrigérée",2023,tonnes,64342.25
643,Fédération de Russie,Production,"Viande, poulet, fraîche ou réfrigérée",2020,tonnes,4576733
643,Fédération de Russie,Production,"Viande, poulet, fraîche ou réfrigérée",2021,tonnes,4617338
643,Fédération de Russie,Production,"Viande, poulet, fraîche ou réfrigérée",2022,tonnes,5308201
643,Fédération de Russie,Production,"Viande, poulet, fraîche ou réfrigérée",2023,tonnes,5339500
242,Fidji,Production,"Viande, poulet, fraîche ou réfrigérée",2020,tonnes,25368
242,Fidji,Production,"Viande, poulet, fraîche ou réfrigérée",2021,tonnes,25715
242,Fidji,Production,"Viande, poulet, fraîche ou réfrigérée",2022,tonnes,45158
242,Fidji,Production,"Viande, poulet, fraîche ou réfrigérée",2023,tonnes,42377
246,Finlande,Production,"Viande, poulet, fraîche ou réfrigérée",2020,tonnes,136890
246,Finlande,Production,"Viande, poulet, fraîche ou réfrigérée",2021,tonnes,138600
246,Finlande,Production,"Viande, poulet, fraîche ou réfrigérée",2022,tonnes,138280
246,Finlande,Production,"Viande, poulet, fraîche ou réfrigérée",2023,tonnes,134770
250,France,Production,"Viande, poulet, fraîche ou réfrigérée",2020,tonnes,1130000
250,France,Production,"Viande, poulet, fraîche ou réfrigérée",2021,tonnes,1143000
250,France,Production,"Viande, poulet, fraîche ou réfrigérée",2022,tonnes,1114430
250,France,Production,"Viande, poulet, fraîche ou réfrigérée",2023,tonnes,1128280
266,Gabon,Production,"Viande, poulet, fraîche ou réfrigérée",2020,tonnes,4093.07
266,Gabon,Production,"Viande, poulet, fraîche ou réfrigérée",2021,tonnes,4126.08
266,Gabon,Production,"Viande, poulet, fraîche ou réfrigérée",2022,tonnes,4159.4
266,Gabon,Production,"Viande, poulet, fraîche ou réfrigérée",2023,tonnes,4192.79
270,Gambie,Production,"Viande, poulet, fraîche ou réfrigérée",2020,tonnes,1104.5
270,Gambie,Production,"Viande, poulet, fraîche ou réfrigérée",2021,tonnes,1091.67
270,Gambie,Production,"Viande, poulet, fraîche ou réfrigérée",2022,tonnes,1077.26
270,Gambie,Production,"Viande, poulet, fraîche ou réfrigérée",2023,tonnes,1058.81
268,Géorgie,Production,"Viande, poulet, fraîche ou réfrigérée",2020,tonnes,23700
268,Géorgie,Production,"Viande, poulet, fraîche ou réfrigérée",2021,tonnes,25000
268,Géorgie,Production,"Viande, poulet, fraîche ou réfrigérée",2022,tonnes,24000
268,Géorgie,Production,"Viande, poulet, fraîche ou réfrigérée",2023,tonnes,24300
288,Ghana,Production,"Viande, poulet, fraîche ou réfrigérée",2020,tonnes,65415
288,Ghana,Production,"Viande, poulet, fraîche ou réfrigérée",2021,tonnes,65190
288,Ghana,Production,"Viande, poulet, fraîche ou réfrigérée",2022,tonnes,64822.84
288,Ghana,Production,"Viande, poulet, fraîche ou réfrigérée",2023,tonnes,74374.06
300,Grèce,Production,"Viande, poulet, fraîche ou réfrigérée",2020,tonnes,236520
300,Grèce,Production,"Viande, poulet, fraîche ou réfrigérée",2021,tonnes,235500
300,Grèce,Production,"Viande, poulet, fraîche ou réfrigérée",2022,tonnes,244850
300,Grèce,Production,"Viande, poulet, fraîche ou réfrigérée",2023,tonnes,271690
308,Grenade,Production,"Viande, poulet, fraîche ou réfrigérée",2020,tonnes,510
308,Grenade,Production,"Viande, poulet, fraîche ou réfrigérée",2021,tonnes,351
308,Grenade,Production,"Viande, poulet, fraîche ou réfrigérée",2022,tonnes,676.7
308,Grenade,Production,"Viande, poulet, fraîche ou réfrigérée",2023,tonnes,723.9
320,Guatemala,Production,"Viande, poulet, fraîche ou réfrigérée",2020,tonnes,427583
320,Guatemala,Production,"Viande, poulet, fraîche ou réfrigérée",2021,tonnes,342169
320,Guatemala,Production,"Viande, poulet, fraîche ou réfrigérée",2022,tonnes,423838
320,Guatemala,Production,"Viande, poulet, fraîche ou réfrigérée",2023,tonnes,468799.51
324,Guinée,Production,"Viande, poulet, fraîche ou réfrigérée",2020,tonnes,12798.19
324,Guinée,Production,"Viande, poulet, fraîche ou réfrigérée",2021,tonnes,14965.58
324,Guinée,Production,"Viande, poulet, fraîche ou réfrigérée",2022,tonnes,14637.23
324,Guinée,Production,"Viande, poulet, fraîche ou réfrigérée",2023,tonnes,14807.42
226,Guinée équatoriale,Production,"Viande, poulet, fraîche ou réfrigérée",2020,tonnes,256.81
226,Guinée équatoriale,Production,"Viande, poulet, fraîche ou réfrigérée",2021,tonnes,258.55
226,Guinée équatoriale,Production,"Viande, poulet, fraîche ou réfrigérée",2022,tonnes,260.39
226,Guinée équatoriale,Production,"Viande, poulet, fraîche ou réfrigérée",2023,tonnes,262.24
624,Guinée-Bissau,Production,"Viande, poulet, fraîche ou réfrigérée",2020,tonnes,3066.17
624,Guinée-Bissau,Production,"Viande, poulet, fraîche ou réfrigérée",2021,tonnes,3096.64
624,Guinée-Bissau,Production,"Viande, poulet, fraîche ou réfrigérée",2022,tonnes,3172.19
624,Guinée-Bissau,Production,"Viande, poulet, fraîche ou réfrigérée",2023,tonnes,3248.65
328,Guyana,Production,"Viande, poulet, fraîche ou réfrigérée",2020,tonnes,42748
328,Guyana,Production,"Viande, poulet, fraîche ou réfrigérée",2021,tonnes,48945
328,Guyana,Production,"Viande, poulet, fraîche ou réfrigérée",2022,tonnes,56921
328,Guyana,Production,"Viande, poulet, fraîche ou réfrigérée",2023,tonnes,62528
332,Haïti,Production,"Viande, poulet, fraîche ou réfrigérée",2020,tonnes,8788.25
332,Haïti,Production,"Viande, poulet, fraîche ou réfrigérée",2021,tonnes,8787.18
332,Haïti,Production,"Viande, poulet, fraîche ou réfrigérée",2022,tonnes,8845.46
332,Haïti,Production,"Viande, poulet, fraîche ou réfrigérée",2023,tonnes,8903.9
340,Honduras,Production,"Viande, poulet, fraîche ou réfrigérée",2020,tonnes,190433.48
340,Honduras,Production,"Viande, poulet, fraîche ou réfrigérée",2021,tonnes,231300.21
340,Honduras,Production,"Viande, poulet, fraîche ou réfrigérée",2022,tonnes,237653.7
340,Honduras,Production,"Viande, poulet, fraîche ou réfrigérée",2023,tonnes,241391.43
348,Hongrie,Production,"Viande, poulet, fraîche ou réfrigérée",2020,tonnes,354480
348,Hongrie,Production,"Viande, poulet, fraîche ou réfrigérée",2021,tonnes,367610
348,Hongrie,Production,"Viande, poulet, fraîche ou réfrigérée",2022,tonnes,348840
348,Hongrie,Production,"Viande, poulet, fraîche ou réfrigérée",2023,tonnes,378980
184,Îles Cook,Production,"Viande, poulet, fraîche ou réfrigérée",2020,tonnes,43.12
184,Îles Cook,Production,"Viande, poulet, fraîche ou réfrigérée",2021,tonnes,44.4
184,Îles Cook,Production,"Viande, poulet, fraîche ou réfrigérée",2022,tonnes,44.69
184,Îles Cook,Production,"Viande, poulet, fraîche ou réfrigérée",2023,tonnes,44.98
90,Îles Salomon,Production,"Viande, poulet, fraîche ou réfrigérée",2020,tonnes,285.83
90,Îles Salomon,Production,"Viande, poulet, fraîche ou réfrigérée",2021,tonnes,285.38
90,Îles Salomon,Production,"Viande, poulet, fraîche ou réfrigérée",2022,tonnes,285.21
90,Îles Salomon,Production,"Viande, poulet, fraîche ou réfrigérée",2023,tonnes,285.03
356,Inde,Production,"Viande, poulet, fraîche ou réfrigérée",2020,tonnes,4472690
356,Inde,Production,"Viande, poulet, fraîche ou réfrigérée",2021,tonnes,4606613.18
356,Inde,Production,"Viande, poulet, fraîche ou réfrigérée",2022,tonnes,4995490
356,Inde,Production,"Viande, poulet, fraîche ou réfrigérée",2023,tonnes,5019410
360,Indonésie,Production,"Viande, poulet, fraîche ou réfrigérée",2020,tonnes,3637698
360,Indonésie,Production,"Viande, poulet, fraîche ou réfrigérée",2021,tonnes,3614886.24
360,Indonésie,Production,"Viande, poulet, fraîche ou réfrigérée",2022,tonnes,4108521.99
360,Indonésie,Production,"Viande, poulet, fraîche ou réfrigérée",2023,tonnes,4444252.7
364,Iran (République islamique d'),Production,"Viande, poulet, fraîche ou réfrigérée",2020,tonnes,2430450
364,Iran (République islamique d'),Production,"Viande, poulet, fraîche ou réfrigérée",2021,tonnes,2106293
364,Iran (République islamique d'),Production,"Viande, poulet, fraîche ou réfrigérée",2022,tonnes,2089644
364,Iran (République islamique d'),Production,"Viande, poulet, fraîche ou réfrigérée",2023,tonnes,2066771.2
368,Iraq,Production,"Viande, poulet, fraîche ou réfrigérée",2020,tonnes,156549
368,Iraq,Production,"Viande, poulet, fraîche ou réfrigérée",2021,tonnes,144702
368,Iraq,Production,"Viande, poulet, fraîche ou réfrigérée",2022,tonnes,162496
368,Iraq,Production,"Viande, poulet, fraîche ou réfrigérée",2023,tonnes,232414.89
372,Irlande,Production,"Viande, poulet, fraîche ou réfrigérée",2020,tonnes,152140
372,Irlande,Production,"Viande, poulet, fraîche ou réfrigérée",2021,tonnes,147770
372,Irlande,Production,"Viande, poulet, fraîche ou réfrigérée",2022,tonnes,144730
372,Irlande,Production,"Viande, poulet, fraîche ou réfrigérée",2023,tonnes,148740
352,Islande,Production,"Viande, poulet, fraîche ou réfrigérée",2020,tonnes,9070
352,Islande,Production,"Viande, poulet, fraîche ou réfrigérée",2021,tonnes,8997
352,Islande,Production,"Viande, poulet, fraîche ou réfrigérée",2022,tonnes,9167
352,Islande,Production,"Viande, poulet, fraîche ou réfrigérée",2023,tonnes,9313
376,Israël,Production,"Viande, poulet, fraîche ou réfrigérée",2020,tonnes,578164
376,Israël,Production,"Viande, poulet, fraîche ou réfrigérée",2021,tonnes,541292
376,Israël,Production,"Viande, poulet, fraîche ou réfrigérée",2022,tonnes,553068
376,Israël,Production,"Viande, poulet, fraîche ou réfrigérée",2023,tonnes,581312
380,Italie,Production,"Viande, poulet, fraîche ou réfrigérée",2020,tonnes,1066910
380,Italie,Production,"Viande, poulet, fraîche ou réfrigérée",2021,tonnes,1068500
380,Italie,Production,"Viande, poulet, fraîche ou réfrigérée",2022,tonnes,993950
380,Italie,Production,"Viande, poulet, fraîche ou réfrigérée",2023,tonnes,1083180
388,Jamaïque,Production,"Viande, poulet, fraîche ou réfrigérée",2020,tonnes,123636
388,Jamaïque,Production,"Viande, poulet, fraîche ou réfrigérée",2021,tonnes,125192
388,Jamaïque,Production,"Viande, poulet, fraîche ou réfrigérée",2022,tonnes,139858
388,Jamaïque,Production,"Viande, poulet, fraîche ou réfrigérée",2023,tonnes,137752
392,Japon,Production,"Viande, poulet, fraîche ou réfrigérée",2020,tonnes,2331650
392,Japon,Production,"Viande, poulet, fraîche ou réfrigérée",2021,tonnes,2367614
392,Japon,Production,"Viande, poulet, fraîche ou réfrigérée",2022,tonnes,2371643
392,Japon,Production,"Viande, poulet, fraîche ou réfrigérée",2023,tonnes,2384255
400,Jordanie,Production,"Viande, poulet, fraîche ou réfrigérée",2020,tonnes,217572
400,Jordanie,Production,"Viande, poulet, fraîche ou réfrigérée",2021,tonnes,246582
400,Jordanie,Production,"Viande, poulet, fraîche ou réfrigérée",2022,tonnes,251791.12
400,Jordanie,Production,"Viande, poulet, fraîche ou réfrigérée",2023,tonnes,254000
398,Kazakhstan,Production,"Viande, poulet, fraîche ou réfrigérée",2020,tonnes,228630
398,Kazakhstan,Production,"Viande, poulet, fraîche ou réfrigérée",2021,tonnes,263560.5
398,Kazakhstan,Production,"Viande, poulet, fraîche ou réfrigérée",2022,tonnes,282996
398,Kazakhstan,Production,"Viande, poulet, fraîche ou réfrigérée",2023,tonnes,335758.1
404,Kenya,Production,"Viande, poulet, fraîche ou réfrigérée",2020,tonnes,69212.23
404,Kenya,Production,"Viande, poulet, fraîche ou réfrigérée",2021,tonnes,89450
404,Kenya,Production,"Viande, poulet, fraîche ou réfrigérée",2022,tonnes,93340
404,Kenya,Production,"Viande, poulet, fraîche ou réfrigérée",2023,tonnes,93622
417,Kirghizistan,Production,"Viande, poulet, fraîche ou réfrigérée",2020,tonnes,9499
417,Kirghizistan,Production,"Viande, poulet, fraîche ou réfrigérée",2021,tonnes,11069
417,Kirghizistan,Production,"Viande, poulet, fraîche ou réfrigérée",2022,tonnes,18400
417,Kirghizistan,Production,"Viande, poulet, fraîche ou réfrigérée",2023,tonnes,13900
296,Kiribati,Production,"Viande, poulet, fraîche ou réfrigérée",2020,tonnes,976.07
296,Kiribati,Production,"Viande, poulet, fraîche ou réfrigérée",2021,tonnes,996.02
296,Kiribati,Production,"Viande, poulet, fraîche ou réfrigérée",2022,tonnes,1017.99
296,Kiribati,Production,"Viande, poulet, fraîche ou réfrigérée",2023,tonnes,1040.24
414,Koweït,Production,"Viande, poulet, fraîche ou réfrigérée",2020,tonnes,62550
414,Koweït,Production,"Viande, poulet, fraîche ou réfrigérée",2021,tonnes,64600
414,Koweït,Production,"Viande, poulet, fraîche ou réfrigérée",2022,tonnes,60000
414,Koweït,Production,"Viande, poulet, fraîche ou réfrigérée",2023,tonnes,61000
426,Lesotho,Production,"Viande, poulet, fraîche ou réfrigérée",2020,tonnes,488.81
426,Lesotho,Production,"Viande, poulet, fraîche ou réfrigérée",2021,tonnes,781.94
426,Lesotho,Production,"Viande, poulet, fraîche ou réfrigérée",2022,tonnes,574.56
426,Lesotho,Production,"Viande, poulet, fraîche ou réfrigérée",2023,tonnes,494.88
428,Lettonie,Production,"Viande, poulet, fraîche ou réfrigérée",2020,tonnes,35140
428,Lettonie,Production,"Viande, poulet, fraîche ou réfrigérée",2021,tonnes,35080
428,Lettonie,Production,"Viande, poulet, fraîche ou réfrigérée",2022,tonnes,36560
428,Lettonie,Production,"Viande, poulet, fraîche ou réfrigérée",2023,tonnes,37060
422,Liban,Production,"Viande, poulet, fraîche ou réfrigérée",2020,tonnes,126010
422,Liban,Production,"Viande, poulet, fraîche ou réfrigérée",2021,tonnes,114000
422,Liban,Production,"Viande, poulet, fraîche ou réfrigérée",2022,tonnes,112059.04
422,Liban,Production,"Viande, poulet, fraîche ou réfrigérée",2023,tonnes,121706.9
430,Libéria,Production,"Viande, poulet, fraîche ou réfrigérée",2020,tonnes,13906.26
430,Libéria,Production,"Viande, poulet, fraîche ou réfrigérée",2021,tonnes,14166.95
430,Libéria,Production,"Viande, poulet, fraîche ou réfrigérée",2022,tonnes,14462.12
430,Libéria,Production,"Viande, poulet, fraîche ou réfrigérée",2023,tonnes,14758.59
434,Libye,Production,"Viande, poulet, fraîche ou réfrigérée",2020,tonnes,129750
434,Libye,Production,"Viande, poulet, fraîche ou réfrigérée",2021,tonnes,127570
434,Libye,Production,"Viande, poulet, fraîche ou réfrigérée",2022,tonnes,127868
434,Libye,Production,"Viande, poulet, fraîche ou réfrigérée",2023,tonnes,131077.18
440,Lituanie,Production,"Viande, poulet, fraîche ou réfrigérée",2020,tonnes,97060
440,Lituanie,Production,"Viande, poulet, fraîche ou réfrigérée",2021,tonnes,85030
440,Lituanie,Production,"Viande, poulet, fraîche ou réfrigérée",2022,tonnes,84240
440,Lituanie,Production,"Viande, poulet, fraîche ou réfrigérée",2023,tonnes,83040
442,Luxembourg,Production,"Viande, poulet, fraîche ou réfrigérée",2020,tonnes,0
442,Luxembourg,Production,"Viande, poulet, fraîche ou réfrigérée",2021,tonnes,0
442,Luxembourg,Production,"Viande, poulet, fraîche ou réfrigérée",2022,tonnes,0
442,Luxembourg,Production,"Viande, poulet, fraîche ou réfrigérée",2023,tonnes,0
807,Macédoine du Nord,Production,"Viande, poulet, fraîche ou réfrigérée",2020,tonnes,1494
807,Macédoine du Nord,Production,"Viande, poulet, fraîche ou réfrigérée",2021,tonnes,1695
807,Macédoine du Nord,Production,"Viande, poulet, fraîche ou réfrigérée",2022,tonnes,1942
807,Macédoine du Nord,Production,"Viande, poulet, fraîche ou réfrigérée",2023,tonnes,2074
450,Madagascar,Production,"Viande, poulet, fraîche ou réfrigérée",2020,tonnes,51250.39
450,Madagascar,Production,"Viande, poulet, fraîche ou réfrigérée",2021,tonnes,53127.6
450,Madagascar,Production,"Viande, poulet, fraîche ou réfrigérée",2022,tonnes,53966.84
450,Madagascar,Production,"Viande, poulet, fraîche ou réfrigérée",2023,tonnes,54965.54
458,Malaisie,Production,"Viande, poulet, fraîche ou réfrigérée",2020,tonnes,1628609
458,Malaisie,Production,"Viande, poulet, fraîche ou réfrigérée",2021,tonnes,1583219.5
458,Malaisie,Production,"Viande, poulet, fraîche ou réfrigérée",2022,tonnes,1543425.32
458,Malaisie,Production,"Viande, poulet, fraîche ou réfrigérée",2023,tonnes,1564606.18
454,Malawi,Production,"Viande, poulet, fraîche ou réfrigérée",2020,tonnes,117831.56
454,Malawi,Production,"Viande, poulet, fraîche ou réfrigérée",2021,tonnes,127962.46
454,Malawi,Production,"Viande, poulet, fraîche ou réfrigérée",2022,tonnes,137424.45
454,Malawi,Production,"Viande, poulet, fraîche ou réfrigérée",2023,tonnes,102278.16
466,Mali,Production,"Viande, poulet, fraîche ou réfrigérée",2020,tonnes,54596.59
466,Mali,Production,"Viande, poulet, fraîche ou réfrigérée",2021,tonnes,56566.38
466,Mali,Production,"Viande, poulet, fraîche ou réfrigérée",2022,tonnes,58969.07
466,Mali,Production,"Viande, poulet, fraîche ou réfrigérée",2023,tonnes,61467.94
470,Malte,Production,"Viande, poulet, fraîche ou réfrigérée",2020,tonnes,4150
470,Malte,Production,"Viande, poulet, fraîche ou réfrigérée",2021,tonnes,4070
470,Malte,Production,"Viande, poulet, fraîche ou réfrigérée",2022,tonnes,4250
470,Malte,Production,"Viande, poulet, fraîche ou réfrigérée",2023,tonnes,4740
504,Maroc,Production,"Viande, poulet, fraîche ou réfrigérée",2020,tonnes,535000
504,Maroc,Production,"Viande, poulet, fraîche ou réfrigérée",2021,tonnes,525000
504,Maroc,Production,"Viande, poulet, fraîche ou réfrigérée",2022,tonnes,540000
504,Maroc,Production,"Viande, poulet, fraîche ou réfrigérée",2023,tonnes,565000
480,Maurice,Production,"Viande, poulet, fraîche ou réfrigérée",2020,tonnes,47500
480,Maurice,Production,"Viande, poulet, fraîche ou réfrigérée",2021,tonnes,49100
480,Maurice,Production,"Viande, poulet, fraîche ou réfrigérée",2022,tonnes,55700
480,Maurice,Production,"Viande, poulet, fraîche ou réfrigérée",2023,tonnes,59200
478,Mauritanie,Production,"Viande, poulet, fraîche ou réfrigérée",2020,tonnes,4841.47
478,Mauritanie,Production,"Viande, poulet, fraîche ou réfrigérée",2021,tonnes,4864.8
478,Mauritanie,Production,"Viande, poulet, fraîche ou réfrigérée",2022,tonnes,4888.1
478,Mauritanie,Production,"Viande, poulet, fraîche ou réfrigérée",2023,tonnes,4911.39
484,Mexique,Production,"Viande, poulet, fraîche ou réfrigérée",2020,tonnes,3578694.12
484,Mexique,Production,"Viande, poulet, fraîche ou réfrigérée",2021,tonnes,3668551.32
484,Mexique,Production,"Viande, poulet, fraîche ou réfrigérée",2022,tonnes,3781735.28
484,Mexique,Production,"Viande, poulet, fraîche ou réfrigérée",2023,tonnes,3888207.85
583,Micronésie (États fédérés de),Production,"Viande, poulet, fraîche ou réfrigérée",2020,tonnes,160.48
583,Micronésie (États fédérés de),Production,"Viande, poulet, fraîche ou réfrigérée",2021,tonnes,160.65
583,Micronésie (États fédérés de),Production,"Viande, poulet, fraîche ou réfrigérée",2022,tonnes,160.94
583,Micronésie (États fédérés de),Production,"Viande, poulet, fraîche ou réfrigérée",2023,tonnes,161.24
496,Mongolie,Production,"Viande, poulet, fraîche ou réfrigérée",2020,tonnes,539
496,Mongolie,Production,"Viande, poulet, fraîche ou réfrigérée",2021,tonnes,245.8
496,Mongolie,Production,"Viande, poulet, fraîche ou réfrigérée",2022,tonnes,366.79
496,Mongolie,Production,"Viande, poulet, fraîche ou réfrigérée",2023,tonnes,160
499,Monténégro,Production,"Viande, poulet, fraîche ou réfrigérée",2020,tonnes,1264.4
499,Monténégro,Production,"Viande, poulet, fraîche ou réfrigérée",2021,tonnes,1355.92
499,Monténégro,Production,"Viande, poulet, fraîche ou réfrigérée",2022,tonnes,1949.48
499,Monténégro,Production,"Viande, poulet, fraîche ou réfrigérée",2023,tonnes,1852.96
508,Mozambique,Production,"Viande, poulet, fraîche ou réfrigérée",2020,tonnes,120137
508,Mozambique,Production,"Viande, poulet, fraîche ou réfrigérée",2021,tonnes,135708
508,Mozambique,Production,"Viande, poulet, fraîche ou réfrigérée",2022,tonnes,146684
508,Mozambique,Production,"Viande, poulet, fraîche ou réfrigérée",2023,tonnes,152784
104,Myanmar,Production,"Viande, poulet, fraîche ou réfrigérée",2020,tonnes,623081
104,Myanmar,Production,"Viande, poulet, fraîche ou réfrigérée",2021,tonnes,620000
104,Myanmar,Production,"Viande, poulet, fraîche ou réfrigérée",2022,tonnes,620000
104,Myanmar,Production,"Viande, poulet, fraîche ou réfrigérée",2023,tonnes,620000
516,Namibie,Production,"Viande, poulet, fraîche ou réfrigérée",2020,tonnes,11886.71
516,Namibie,Production,"Viande, poulet, fraîche ou réfrigérée",2021,tonnes,11914.36
516,Namibie,Production,"Viande, poulet, fraîche ou réfrigérée",2022,tonnes,12007.73
516,Namibie,Production,"Viande, poulet, fraîche ou réfrigérée",2023,tonnes,12100.76
520,Nauru,Production,"Viande, poulet, fraîche ou réfrigérée",2020,tonnes,4.02
520,Nauru,Production,"Viande, poulet, fraîche ou réfrigérée",2021,tonnes,4.02
520,Nauru,Production,"Viande, poulet, fraîche ou réfrigérée",2022,tonnes,4.02
520,Nauru,Production,"Viande, poulet, fraîche ou réfrigérée",2023,tonnes,4.02
524,Népal,Production,"Viande, poulet, fraîche ou réfrigérée",2020,tonnes,255001
524,Népal,Production,"Viande, poulet, fraîche ou réfrigérée",2021,tonnes,226959
524,Népal,Production,"Viande, poulet, fraîche ou réfrigérée",2022,tonnes,204923
524,Népal,Production,"Viande, poulet, fraîche ou réfrigérée",2023,tonnes,200657.66
558,Nicaragua,Production,"Viande, poulet, fraîche ou réfrigérée",2020,tonnes,140674.47
558,Nicaragua,Production,"Viande, poulet, fraîche ou réfrigérée",2021,tonnes,143283.01
558,Nicaragua,Production,"Viande, poulet, fraîche ou réfrigérée",2022,tonnes,154153.89
558,Nicaragua,Production,"Viande, poulet, fraîche ou réfrigérée",2023,tonnes,163310.34
562,Niger,Production,"Viande, poulet, fraîche ou réfrigérée",2020,tonnes,20076.89
562,Niger,Production,"Viande, poulet, fraîche ou réfrigérée",2021,tonnes,20223.33
562,Niger,Production,"Viande, poulet, fraîche ou réfrigérée",2022,tonnes,20198.14
562,Niger,Production,"Viande, poulet, fraîche ou réfrigérée",2023,tonnes,20384.86
566,Nigéria,Production,"Viande, poulet, fraîche ou réfrigérée",2020,tonnes,318546.44
566,Nigéria,Production,"Viande, poulet, fraîche ou réfrigérée",2021,tonnes,342332.94
566,Nigéria,Production,"Viande, poulet, fraîche ou réfrigérée",2022,tonnes,355582.92
566,Nigéria,Production,"Viande, poulet, fraîche ou réfrigérée",2023,tonnes,324135.98
570,Nioué,Production,"Viande, poulet, fraîche ou réfrigérée",2020,tonnes,24.54
570,Nioué,Production,"Viande, poulet, fraîche ou réfrigérée",2021,tonnes,24.83
570,Nioué,Production,"Viande, poulet, fraîche ou réfrigérée",2022,tonnes,25.17
570,Nioué,Production,"Viande, poulet, fraîche ou réfrigérée",2023,tonnes,25.51
578,Norvège,Production,"Viande, poulet, fraîche ou réfrigérée",2020,tonnes,98153
578,Norvège,Production,"Viande, poulet, fraîche ou réfrigérée",2021,tonnes,106043
578,Norvège,Production,"Viande, poulet, fraîche ou réfrigérée",2022,tonnes,105614
578,Norvège,Production,"Viande, poulet, fraîche ou réfrigérée",2023,tonnes,107624
540,Nouvelle-Calédonie,Production,"Viande, poulet, fraîche ou réfrigérée",2020,tonnes,938
540,Nouvelle-Calédonie,Production,"Viande, poulet, fraîche ou réfrigérée",2021,tonnes,888
540,Nouvelle-Calédonie,Production,"Viande, poulet, fraîche ou réfrigérée",2022,tonnes,775.3
540,Nouvelle-Calédonie,Production,"Viande, poulet, fraîche ou réfrigérée",2023,tonnes,969.32
554,Nouvelle-Zélande,Production,"Viande, poulet, fraîche ou réfrigérée",2020,tonnes,217195
554,Nouvelle-Zélande,Production,"Viande, poulet, fraîche ou réfrigérée",2021,tonnes,224398
554,Nouvelle-Zélande,Production,"Viande, poulet, fraîche ou réfrigérée",2022,tonnes,218801
554,Nouvelle-Zélande,Production,"Viande, poulet, fraîche ou réfrigérée",2023,tonnes,228151
512,Oman,Production,"Viande, poulet, fraîche ou réfrigérée",2020,tonnes,6550
512,Oman,Production,"Viande, poulet, fraîche ou réfrigérée",2021,tonnes,6538.47
512,Oman,Production,"Viande, poulet, fraîche ou réfrigérée",2022,tonnes,6820.67
512,Oman,Production,"Viande, poulet, fraîche ou réfrigérée",2023,tonnes,6855.67
800,Ouganda,Production,"Viande, poulet, fraîche ou réfrigérée",2020,tonnes,81978.68
800,Ouganda,Production,"Viande, poulet, fraîche ou réfrigérée",2021,tonnes,88518.38
800,Ouganda,Production,"Viande, poulet, fraîche ou réfrigérée",2022,tonnes,90421.76
800,Ouganda,Production,"Viande, poulet, fraîche ou réfrigérée",2023,tonnes,92231.24
860,Ouzbékistan,Production,"Viande, poulet, fraîche ou réfrigérée",2020,tonnes,101400
860,Ouzbékistan,Production,"Viande, poulet, fraîche ou réfrigérée",2021,tonnes,123600
860,Ouzbékistan,Production,"Viande, poulet, fraîche ou réfrigérée",2022,tonnes,148800
860,Ouzbékistan,Production,"Viande, poulet, fraîche ou réfrigérée",2023,tonnes,170184
586,Pakistan,Production,"Viande, poulet, fraîche ou réfrigérée",2020,tonnes,1657000
586,Pakistan,Production,"Viande, poulet, fraîche ou réfrigérée",2021,tonnes,1809000
586,Pakistan,Production,"Viande, poulet, fraîche ou réfrigérée",2022,tonnes,1977000
586,Pakistan,Production,"Viande, poulet, fraîche ou réfrigérée",2023,tonnes,2160000
275,Palestine,Production,"Viande, poulet, fraîche ou réfrigérée",2020,tonnes,49265.19
275,Palestine,Production,"Viande, poulet, fraîche ou réfrigérée",2021,tonnes,37290
275,Palestine,Production,"Viande, poulet, fraîche ou réfrigérée",2022,tonnes,40438.08
275,Palestine,Production,"Viande, poulet, fraîche ou réfrigérée",2023,tonnes,37471.2
591,Panama,Production,"Viande, poulet, fraîche ou réfrigérée",2020,tonnes,182681
591,Panama,Production,"Viande, poulet, fraîche ou réfrigérée",2021,tonnes,197594
591,Panama,Production,"Viande, poulet, fraîche ou réfrigérée",2022,tonnes,219223.89
591,Panama,Production,"Viande, poulet, fraîche ou réfrigérée",2023,tonnes,235706.87
598,Papouasie-Nouvelle-Guinée,Production,"Viande, poulet, fraîche ou réfrigérée",2020,tonnes,6660.79
598,Papouasie-Nouvelle-Guinée,Production,"Viande, poulet, fraîche ou réfrigérée",2021,tonnes,6705.01
598,Papouasie-Nouvelle-Guinée,Production,"Viande, poulet, fraîche ou réfrigérée",2022,tonnes,6762.73
598,Papouasie-Nouvelle-Guinée,Production,"Viande, poulet, fraîche ou réfrigérée",2023,tonnes,6820.28
600,Paraguay,Production,"Viande, poulet, fraîche ou réfrigérée",2020,tonnes,74442.38
600,Paraguay,Production,"Viande, poulet, fraîche ou réfrigérée",2021,tonnes,75054.55
600,Paraguay,Production,"Viande, poulet, fraîche ou réfrigérée",2022,tonnes,76142.66
600,Paraguay,Production,"Viande, poulet, fraîche ou réfrigérée",2023,tonnes,75692.23
528,Pays-Bas (Royaume des),Production,"Viande, poulet, fraîche ou réfrigérée",2020,tonnes,995750
528,Pays-Bas (Royaume des),Production,"Viande, poulet, fraîche ou réfrigérée",2021,tonnes,869380
528,Pays-Bas (Royaume des),Production,"Viande, poulet, fraîche ou réfrigérée",2022,tonnes,863970
528,Pays-Bas (Royaume des),Production,"Viande, poulet, fraîche ou réfrigérée",2023,tonnes,849620
604,Pérou,Production,"Viande, poulet, fraîche ou réfrigérée",2020,tonnes,1723497.47
604,Pérou,Production,"Viande, poulet, fraîche ou réfrigérée",2021,tonnes,1751607.81
604,Pérou,Production,"Viande, poulet, fraîche ou réfrigérée",2022,tonnes,1801776.29
604,Pérou,Production,"Viande, poulet, fraîche ou réfrigérée",2023,tonnes,1781472.73
608,Philippines,Production,"Viande, poulet, fraîche ou réfrigérée",2020,tonnes,1393586
608,Philippines,Production,"Viande, poulet, fraîche ou réfrigérée",2021,tonnes,1343496.28
608,Philippines,Production,"Viande, poulet, fraîche ou réfrigérée",2022,tonnes,1437322.32
608,Philippines,Production,"Viande, poulet, fraîche ou réfrigérée",2023,tonnes,1511895.9
616,Pologne,Production,"Viande, poulet, fraîche ou réfrigérée",2020,tonnes,2200280
616,Pologne,Production,"Viande, poulet, fraîche ou réfrigérée",2021,tonnes,2096770
616,Pologne,Production,"Viande, poulet, fraîche ou réfrigérée",2022,tonnes,2231610
616,Pologne,Production,"Viande, poulet, fraîche ou réfrigérée",2023,tonnes,2284950
258,Polynésie française,Production,"Viande, poulet, fraîche ou réfrigérée",2020,tonnes,580.93
258,Polynésie française,Production,"Viande, poulet, fraîche ou réfrigérée",2021,tonnes,568.7
258,Polynésie française,Production,"Viande, poulet, fraîche ou réfrigérée",2022,tonnes,560.06
258,Polynésie française,Production,"Viande, poulet, fraîche ou réfrigérée",2023,tonnes,551.14
630,Porto Rico,Production,"Viande, poulet, fraîche ou réfrigérée",2020,tonnes,27108.13
630,Porto Rico,Production,"Viande, poulet, fraîche ou réfrigérée",2021,tonnes,20000
630,Porto Rico,Production,"Viande, poulet, fraîche ou réfrigérée",2022,tonnes,18000
630,Porto Rico,Production,"Viande, poulet, fraîche ou réfrigérée",2023,tonnes,18000
620,Portugal,Production,"Viande, poulet, fraîche ou réfrigérée",2020,tonnes,297380
620,Portugal,Production,"Viande, poulet, fraîche ou réfrigérée",2021,tonnes,300040
620,Portugal,Production,"Viande, poulet, fraîche ou réfrigérée",2022,tonnes,314170
620,Portugal,Production,"Viande, poulet, fraîche ou réfrigérée",2023,tonnes,322970
634,Qatar,Production,"Viande, poulet, fraîche ou réfrigérée",2020,tonnes,34761
634,Qatar,Production,"Viande, poulet, fraîche ou réfrigérée",2021,tonnes,35344
634,Qatar,Production,"Viande, poulet, fraîche ou réfrigérée",2022,tonnes,25671
634,Qatar,Production,"Viande, poulet, fraîche ou réfrigérée",2023,tonnes,29006
760,République arabe syrienne,Production,"Viande, poulet, fraîche ou réfrigérée",2020,tonnes,124772
760,République arabe syrienne,Production,"Viande, poulet, fraîche ou réfrigérée",2021,tonnes,112424.97
760,République arabe syrienne,Production,"Viande, poulet, fraîche ou réfrigérée",2022,tonnes,92549
760,République arabe syrienne,Production,"Viande, poulet, fraîche ou réfrigérée",2023,tonnes,105513
140,République centrafricaine,Production,"Viande, poulet, fraîche ou réfrigérée",2020,tonnes,6253.99
140,République centrafricaine,Production,"Viande, poulet, fraîche ou réfrigérée",2021,tonnes,6304.2
140,République centrafricaine,Production,"Viande, poulet, fraîche ou réfrigérée",2022,tonnes,6371.72
140,République centrafricaine,Production,"Viande, poulet, fraîche ou réfrigérée",2023,tonnes,6439.79
410,République de Corée,Production,"Viande, poulet, fraîche ou réfrigérée",2020,tonnes,962000
410,République de Corée,Production,"Viande, poulet, fraîche ou réfrigérée",2021,tonnes,935000
410,République de Corée,Production,"Viande, poulet, fraîche ou réfrigérée",2022,tonnes,925000
410,République de Corée,Production,"Viande, poulet, fraîche ou réfrigérée",2023,tonnes,923000
498,République de Moldova,Production,"Viande, poulet, fraîche ou réfrigérée",2020,tonnes,40589.3
498,République de Moldova,Production,"Viande, poulet, fraîche ou réfrigérée",2021,tonnes,37595.8
498,République de Moldova,Production,"Viande, poulet, fraîche ou réfrigérée",2022,tonnes,45759.1
498,République de Moldova,Production,"Viande, poulet, fraîche ou réfrigérée",2023,tonnes,46144.9
180,République démocratique du Congo,Production,"Viande, poulet, fraîche ou réfrigérée",2020,tonnes,10471
180,République démocratique du Congo,Production,"Viande, poulet, fraîche ou réfrigérée",2021,tonnes,10532
180,République démocratique du Congo,Production,"Viande, poulet, fraîche ou réfrigérée",2022,tonnes,10000
180,République démocratique du Congo,Production,"Viande, poulet, fraîche ou réfrigérée",2023,tonnes,10000
418,République démocratique populaire lao,Production,"Viande, poulet, fraîche ou réfrigérée",2020,tonnes,36542.19
418,République démocratique populaire lao,Production,"Viande, poulet, fraîche ou réfrigérée",2021,tonnes,37749.38
418,République démocratique populaire lao,Production,"Viande, poulet, fraîche ou réfrigérée",2022,tonnes,39450.52
418,République démocratique populaire lao,Production,"Viande, poulet, fraîche ou réfrigérée",2023,tonnes,41201.63
214,République dominicaine,Production,"Viande, poulet, fraîche ou réfrigérée",2020,tonnes,292134.63
214,République dominicaine,Production,"Viande, poulet, fraîche ou réfrigérée",2021,tonnes,347491.61
214,République dominicaine,Production,"Viande, poulet, fraîche ou réfrigérée",2022,tonnes,365454.05
214,République dominicaine,Production,"Viande, poulet, fraîche ou réfrigérée",2023,tonnes,391322.44
408,République populaire démocratique de Corée,Production,"Viande, poulet, fraîche ou réfrigérée",2020,tonnes,31752.02
408,République populaire démocratique de Corée,Production,"Viande, poulet, fraîche ou réfrigérée",2021,tonnes,31753.72
408,République populaire démocratique de Corée,Production,"Viande, poulet, fraîche ou réfrigérée",2022,tonnes,13864.91
408,République populaire démocratique de Corée,Production,"Viande, poulet, fraîche ou réfrigérée",2023,tonnes,12392.99
834,République-Unie de Tanzanie,Production,"Viande, poulet, fraîche ou réfrigérée",2020,tonnes,80601
834,République-Unie de Tanzanie,Production,"Viande, poulet, fraîche ou réfrigérée",2021,tonnes,86206
834,République-Unie de Tanzanie,Production,"Viande, poulet, fraîche ou réfrigérée",2022,tonnes,91404
834,République-Unie de Tanzanie,Production,"Viande, poulet, fraîche ou réfrigérée",2023,tonnes,96916
642,Roumanie,Production,"Viande, poulet, fraîche ou réfrigérée",2021,tonnes,451850
642,Roumanie,Production,"Viande, poulet, fraîche ou réfrigérée",2022,tonnes,475450
642,Roumanie,Production,"Viande, poulet, fraîche ou réfrigérée",2023,tonnes,500760
826,Royaume-Uni de Grande-Bretagne et d'Irlande du Nord,Production,"Viande, poulet, fraîche ou réfrigérée",2020,tonnes,1794000
826,Royaume-Uni de Grande-Bretagne et d'Irlande du Nord,Production,"Viande, poulet, fraîche ou réfrigérée",2021,tonnes,1841000
826,Royaume-Uni de Grande-Bretagne et d'Irlande du Nord,Production,"Viande, poulet, fraîche ou réfrigérée",2022,tonnes,1846770
826,Royaume-Uni de Grande-Bretagne et d'Irlande du Nord,Production,"Viande, poulet, fraîche ou réfrigérée",2023,tonnes,1851010
646,Rwanda,Production,"Viande, poulet, fraîche ou réfrigérée",2020,tonnes,17323.72
646,Rwanda,Production,"Viande, poulet, fraîche ou réfrigérée",2021,tonnes,15958.42
646,Rwanda,Production,"Viande, poulet, fraîche ou réfrigérée",2022,tonnes,10872.23
646,Rwanda,Production,"Viande, poulet, fraîche ou réfrigérée",2023,tonnes,11350.61
662,Sainte-Lucie,Production,"Viande, poulet, fraîche ou réfrigérée",2020,tonnes,1376
662,Sainte-Lucie,Production,"Viande, poulet, fraîche ou réfrigérée",2021,tonnes,1346.45
662,Sainte-Lucie,Production,"Viande, poulet, fraîche ou réfrigérée",2022,tonnes,1331.82
662,Sainte-Lucie,Production,"Viande, poulet, fraîche ou réfrigérée",2023,tonnes,1316.92
659,Saint-Kitts-et-Nevis,Production,"Viande, poulet, fraîche ou réfrigérée",2020,tonnes,9
659,Saint-Kitts-et-Nevis,Production,"Viande, poulet, fraîche ou réfrigérée",2021,tonnes,15.7
659,Saint-Kitts-et-Nevis,Production,"Viande, poulet, fraîche ou réfrigérée",2022,tonnes,40
659,Saint-Kitts-et-Nevis,Production,"Viande, poulet, fraîche ou réfrigérée",2023,tonnes,49.05
670,Saint-Vincent-et-les Grenadines,Production,"Viande, poulet, fraîche ou réfrigérée",2020,tonnes,445.09
670,Saint-Vincent-et-les Grenadines,Production,"Viande, poulet, fraîche ou réfrigérée",2021,tonnes,169
670,Saint-Vincent-et-les Grenadines,Production,"Viande, poulet, fraîche ou réfrigérée",2022,tonnes,197
670,Saint-Vincent-et-les Grenadines,Production,"Viande, poulet, fraîche ou réfrigérée",2023,tonnes,198
882,Samoa,Production,"Viande, poulet, fraîche ou réfrigérée",2020,tonnes,330.54
882,Samoa,Production,"Viande, poulet, fraîche ou réfrigérée",2021,tonnes,380.01
882,Samoa,Production,"Viande, poulet, fraîche ou réfrigérée",2022,tonnes,368.99
882,Samoa,Production,"Viande, poulet, fraîche ou réfrigérée",2023,tonnes,364.5
678,Sao Tomé-et-Principe,Production,"Viande, poulet, fraîche ou réfrigérée",2020,tonnes,616.18
678,Sao Tomé-et-Principe,Production,"Viande, poulet, fraîche ou réfrigérée",2021,tonnes,671.79
678,Sao Tomé-et-Principe,Production,"Viande, poulet, fraîche ou réfrigérée",2022,tonnes,627.66
678,Sao Tomé-et-Principe,Production,"Viande, poulet, fraîche ou réfrigérée",2023,tonnes,541.06
686,Sénégal,Production,"Viande, poulet, fraîche ou réfrigérée",2020,tonnes,121828.62
686,Sénégal,Production,"Viande, poulet, fraîche ou réfrigérée",2021,tonnes,133202
686,Sénégal,Production,"Viande, poulet, fraîche ou réfrigérée",2022,tonnes,142165
686,Sénégal,Production,"Viande, poulet, fraîche ou réfrigérée",2023,tonnes,148471.53
688,Serbie,Production,"Viande, poulet, fraîche ou réfrigérée",2020,tonnes,113978
688,Serbie,Production,"Viande, poulet, fraîche ou réfrigérée",2021,tonnes,110528
688,Serbie,Production,"Viande, poulet, fraîche ou réfrigérée",2022,tonnes,115618
688,Serbie,Production,"Viande, poulet, fraîche ou réfrigérée",2023,tonnes,126506
690,Seychelles,Production,"Viande, poulet, fraîche ou réfrigérée",2020,tonnes,1009.06
690,Seychelles,Production,"Viande, poulet, fraîche ou réfrigérée",2021,tonnes,1450.62
690,Seychelles,Production,"Viande, poulet, fraîche ou réfrigérée",2022,tonnes,1531.35
690,Seychelles,Production,"Viande, poulet, fraîche ou réfrigérée",2023,tonnes,1102.49
694,Sierra Leone,Production,"Viande, poulet, fraîche ou réfrigérée",2020,tonnes,19635.87
694,Sierra Leone,Production,"Viande, poulet, fraîche ou réfrigérée",2021,tonnes,19477.5
694,Sierra Leone,Production,"Viande, poulet, fraîche ou réfrigérée",2022,tonnes,19593.07
694,Sierra Leone,Production,"Viande, poulet, fraîche ou réfrigérée",2023,tonnes,19808.08
702,Singapour,Production,"Viande, poulet, fraîche ou réfrigérée",2020,tonnes,75196.56
702,Singapour,Production,"Viande, poulet, fraîche ou réfrigérée",2021,tonnes,70892.18
702,Singapour,Production,"Viande, poulet, fraîche ou réfrigérée",2022,tonnes,42284.36
702,Singapour,Production,"Viande, poulet, fraîche ou réfrigérée",2023,tonnes,44986.16
705,Slovénie,Production,"Viande, poulet, fraîche ou réfrigérée",2020,tonnes,67040
705,Slovénie,Production,"Viande, poulet, fraîche ou réfrigérée",2021,tonnes,66600
705,Slovénie,Production,"Viande, poulet, fraîche ou réfrigérée",2022,tonnes,68440
705,Slovénie,Production,"Viande, poulet, fraîche ou réfrigérée",2023,tonnes,69660
706,Somalie,Production,"Viande, poulet, fraîche ou réfrigérée",2020,tonnes,3996.85
706,Somalie,Production,"Viande, poulet, fraîche ou réfrigérée",2021,tonnes,3985.71
706,Somalie,Production,"Viande, poulet, fraîche ou réfrigérée",2022,tonnes,4017.44
706,Somalie,Production,"Viande, poulet, fraîche ou réfrigérée",2023,tonnes,4049.12
729,Soudan,Production,"Viande, poulet, fraîche ou réfrigérée",2020,tonnes,80357.14
729,Soudan,Production,"Viande, poulet, fraîche ou réfrigérée",2021,tonnes,79816.14
729,Soudan,Production,"Viande, poulet, fraîche ou réfrigérée",2022,tonnes,85603.96
729,Soudan,Production,"Viande, poulet, fraîche ou réfrigérée",2023,tonnes,90561.35
728,Soudan du Sud,Production,"Viande, poulet, fraîche ou réfrigérée",2020,tonnes,34867
728,Soudan du Sud,Production,"Viande, poulet, fraîche ou réfrigérée",2021,tonnes,53571.88
728,Soudan du Sud,Production,"Viande, poulet, fraîche ou réfrigérée",2022,tonnes,56598.54
728,Soudan du Sud,Production,"Viande, poulet, fraîche ou réfrigérée",2023,tonnes,52506.16
144,Sri Lanka,Production,"Viande, poulet, fraîche ou réfrigérée",2020,tonnes,216160
144,Sri Lanka,Production,"Viande, poulet, fraîche ou réfrigérée",2021,tonnes,236790
144,Sri Lanka,Production,"Viande, poulet, fraîche ou réfrigérée",2022,tonnes,228130
144,Sri Lanka,Production,"Viande, poulet, fraîche ou réfrigérée",2023,tonnes,236110
752,Suède,Production,"Viande, poulet, fraîche ou réfrigérée",2020,tonnes,166830
752,Suède,Production,"Viande, poulet, fraîche ou réfrigérée",2021,tonnes,179690
752,Suède,Production,"Viande, poulet, fraîche ou réfrigérée",2022,tonnes,167170
752,Suède,Production,"Viande, poulet, fraîche ou réfrigérée",2023,tonnes,166880
756,Suisse,Production,"Viande, poulet, fraîche ou réfrigérée",2020,tonnes,103487
756,Suisse,Production,"Viande, poulet, fraîche ou réfrigérée",2021,tonnes,107315
756,Suisse,Production,"Viande, poulet, fraîche ou réfrigérée",2022,tonnes,109515
756,Suisse,Production,"Viande, poulet, fraîche ou réfrigérée",2023,tonnes,108317
740,Suriname,Production,"Viande, poulet, fraîche ou réfrigérée",2020,tonnes,10868
740,Suriname,Production,"Viande, poulet, fraîche ou réfrigérée",2021,tonnes,12332
740,Suriname,Production,"Viande, poulet, fraîche ou réfrigérée",2022,tonnes,12160.77
740,Suriname,Production,"Viande, poulet, fraîche ou réfrigérée",2023,tonnes,9241.01
762,Tadjikistan,Production,"Viande, poulet, fraîche ou réfrigérée",2020,tonnes,21400
762,Tadjikistan,Production,"Viande, poulet, fraîche ou réfrigérée",2021,tonnes,30900
762,Tadjikistan,Production,"Viande, poulet, fraîche ou réfrigérée",2022,tonnes,16309.26
762,Tadjikistan,Production,"Viande, poulet, fraîche ou réfrigérée",2023,tonnes,19097.44
148,Tchad,Production,"Viande, poulet, fraîche ou réfrigérée",2020,tonnes,6458.18
148,Tchad,Production,"Viande, poulet, fraîche ou réfrigérée",2021,tonnes,6463.06
148,Tchad,Production,"Viande, poulet, fraîche ou réfrigérée",2022,tonnes,6500.77
148,Tchad,Production,"Viande, poulet, fraîche ou réfrigérée",2023,tonnes,6538.31
203,Tchéquie,Production,"Viande, poulet, fraîche ou réfrigérée",2020,tonnes,161170
203,Tchéquie,Production,"Viande, poulet, fraîche ou réfrigérée",2021,tonnes,167980
203,Tchéquie,Production,"Viande, poulet, fraîche ou réfrigérée",2022,tonnes,161020
203,Tchéquie,Production,"Viande, poulet, fraîche ou réfrigérée",2023,tonnes,159100
764,Thaïlande,Production,"Viande, poulet, fraîche ou réfrigérée",2020,tonnes,1742327.18
764,Thaïlande,Production,"Viande, poulet, fraîche ou réfrigérée",2021,tonnes,1771558.99
764,Thaïlande,Production,"Viande, poulet, fraîche ou réfrigérée",2022,tonnes,1807392.77
764,Thaïlande,Production,"Viande, poulet, fraîche ou réfrigérée",2023,tonnes,1844650.65
626,Timor-Leste,Production,"Viande, poulet, fraîche ou réfrigérée",2020,tonnes,860.13
626,Timor-Leste,Production,"Viande, poulet, fraîche ou réfrigérée",2021,tonnes,535.83
626,Timor-Leste,Production,"Viande, poulet, fraîche ou réfrigérée",2022,tonnes,673.88
626,Timor-Leste,Production,"Viande, poulet, fraîche ou réfrigérée",2023,tonnes,694.2
768,Togo,Production,"Viande, poulet, fraîche ou réfrigérée",2020,tonnes,22834.18
768,Togo,Production,"Viande, poulet, fraîche ou réfrigérée",2021,tonnes,24911.34
768,Togo,Production,"Viande, poulet, fraîche ou réfrigérée",2022,tonnes,28443.02
768,Togo,Production,"Viande, poulet, fraîche ou réfrigérée",2023,tonnes,33079.17
772,Tokélaou,Production,"Viande, poulet, fraîche ou réfrigérée",2020,tonnes,4.84
772,Tokélaou,Production,"Viande, poulet, fraîche ou réfrigérée",2021,tonnes,4.85
772,Tokélaou,Production,"Viande, poulet, fraîche ou réfrigérée",2022,tonnes,4.85
772,Tokélaou,Production,"Viande, poulet, fraîche ou réfrigérée",2023,tonnes,4.85
776,Tonga,Production,"Viande, poulet, fraîche ou réfrigérée",2020,tonnes,276.82
776,Tonga,Production,"Viande, poulet, fraîche ou réfrigérée",2021,tonnes,273.53
776,Tonga,Production,"Viande, poulet, fraîche ou réfrigérée",2022,tonnes,270.97
776,Tonga,Production,"Viande, poulet, fraîche ou réfrigérée",2023,tonnes,268.4
780,Trinité-et-Tobago,Production,"Viande, poulet, fraîche ou réfrigérée",2020,tonnes,47103
780,Trinité-et-Tobago,Production,"Viande, poulet, fraîche ou réfrigérée",2021,tonnes,49840
780,Trinité-et-Tobago,Production,"Viande, poulet, fraîche ou réfrigérée",2022,tonnes,51149.28
780,Trinité-et-Tobago,Production,"Viande, poulet, fraîche ou réfrigérée",2023,tonnes,50141
788,Tunisie,Production,"Viande, poulet, fraîche ou réfrigérée",2020,tonnes,144000
788,Tunisie,Production,"Viande, poulet, fraîche ou réfrigérée",2021,tonnes,152300
788,Tunisie,Production,"Viande, poulet, fraîche ou réfrigérée",2022,tonnes,152780
788,Tunisie,Production,"Viande, poulet, fraîche ou réfrigérée",2023,tonnes,151408.44
792,Türkiye,Production,"Viande, poulet, fraîche ou réfrigérée",2020,tonnes,2138450.72
792,Türkiye,Production,"Viande, poulet, fraîche ou réfrigérée",2021,tonnes,2245770.43
792,Türkiye,Production,"Viande, poulet, fraîche ou réfrigérée",2022,tonnes,2417995.11
792,Türkiye,Production,"Viande, poulet, fraîche ou réfrigérée",2023,tonnes,2328790.69
795,Turkménistan,Production,"Viande, poulet, fraîche ou réfrigérée",2020,tonnes,23089
795,Turkménistan,Production,"Viande, poulet, fraîche ou réfrigérée",2021,tonnes,21555
795,Turkménistan,Production,"Viande, poulet, fraîche ou réfrigérée",2022,tonnes,29591.62
795,Turkménistan,Production,"Viande, poulet, fraîche ou réfrigérée",2023,tonnes,23720.45
798,Tuvalu,Production,"Viande, poulet, fraîche ou réfrigérée",2020,tonnes,61.85
798,Tuvalu,Production,"Viande, poulet, fraîche ou réfrigérée",2021,tonnes,62.09
798,Tuvalu,Production,"Viande, poulet, fraîche ou réfrigérée",2022,tonnes,62.75
798,Tuvalu,Production,"Viande, poulet, fraîche ou réfrigérée",2023,tonnes,63.41
804,Ukraine,Production,"Viande, poulet, fraîche ou réfrigérée",2020,tonnes,1344000
804,Ukraine,Production,"Viande, poulet, fraîche ou réfrigérée",2021,tonnes,1313700
804,Ukraine,Production,"Viande, poulet, fraîche ou réfrigérée",2022,tonnes,1207700
804,Ukraine,Production,"Viande, poulet, fraîche ou réfrigérée",2023,tonnes,1266300
858,Uruguay,Production,"Viande, poulet, fraîche ou réfrigérée",2020,tonnes,70291
858,Uruguay,Production,"Viande, poulet, fraîche ou réfrigérée",2021,tonnes,79373
858,Uruguay,Production,"Viande, poulet, fraîche ou réfrigérée",2022,tonnes,79727
858,Uruguay,Production,"Viande, poulet, fraîche ou réfrigérée",2023,tonnes,74218
548,Vanuatu,Production,"Viande, poulet, fraîche ou réfrigérée",2020,tonnes,634.88
548,Vanuatu,Production,"Viande, poulet, fraîche ou réfrigérée",2021,tonnes,592.5
548,Vanuatu,Production,"Viande, poulet, fraîche ou réfrigérée",2022,tonnes,524.71
548,Vanuatu,Production,"Viande, poulet, fraîche ou réfrigérée",2023,tonnes,514.29
862,Venezuela (République bolivarienne du),Production,"Viande, poulet, fraîche ou réfrigérée",2020,tonnes,455074
862,Venezuela (République bolivarienne du),Production,"Viande, poulet, fraîche ou réfrigérée",2021,tonnes,436725.99
862,Venezuela (République bolivarienne du),Production,"Viande, poulet, fraîche ou réfrigérée",2022,tonnes,424453
862,Venezuela (République bolivarienne du),Production,"Viande, poulet, fraîche ou réfrigérée",2023,tonnes,477627
704,Viet Nam,Production,"Viande, poulet, fraîche ou réfrigérée",2020,tonnes,1146317.84
704,Viet Nam,Production,"Viande, poulet, fraîche ou réfrigérée",2021,tonnes,1337254.53
704,Viet Nam,Production,"Viande, poulet, fraîche ou réfrigérée",2022,tonnes,1363789.66
704,Viet Nam,Production,"Viande, poulet, fraîche ou réfrigérée",2023,tonnes,1549674
887,Yémen,Production,"Viande, poulet, fraîche ou réfrigérée",2020,tonnes,193086
887,Yémen,Production,"Viande, poulet, fraîche ou réfrigérée",2021,tonnes,198878.58
887,Yémen,Production,"Viande, poulet, fraîche ou réfrigérée",2022,tonnes,202529.23
887,Yémen,Production,"Viande, poulet, fraîche ou réfrigérée",2023,tonnes,203797.05
894,Zambie,Production,"Viande, poulet, fraîche ou réfrigérée",2020,tonnes,49674.37
894,Zambie,Production,"Viande, poulet, fraîche ou réfrigérée",2021,tonnes,50010.78
894,Zambie,Production,"Viande, poulet, fraîche ou réfrigérée",2022,tonnes,50503.64
894,Zambie,Production,"Viande, poulet, fraîche ou réfrigérée",2023,tonnes,50992.14
716,Zimbabwe,Production,"Viande, poulet, fraîche ou réfrigérée",2020,tonnes,111546
716,Zimbabwe,Production,"Viande, poulet, fraîche ou réfrigérée",2021,tonnes,113000
716,Zimbabwe,Production,"Viande, poulet, fraîche ou réfrigérée",2022,tonnes,118225.03
716,Zimbabwe,Production,"Viande, poulet, fraîche ou réfrigérée",2023,tonnes,97773.99
